AA,AA0,AA1,AA2,AA3,AA4,AA5,AA6,AA7,AA8,AA9,AA10,AA11,AA12,AA13,AA14,AA15,AA16,AA17,AA18,AA19
A,0.996128565,-0.332090055,16.12904845,0.522059497,-3.837383298,-0.79902867,-3.47465684,-0.936782613,3.084242266,-2.389707813,0.80746743,1.923072955,1.57318789,1.379387879,-3.445398731,5.540605626,3.703111396,-1.465296975,-1.207139722,1.30E-15
R,-8.759953218,-14.14563381,-4.894561459,1.194745409,9.711514876,6.968899128,-2.041399428,-5.286600171,-3.014038024,-6.045135765,5.406841238,-1.652200791,-2.002793699,-0.660822393,-1.579332683,-0.006906746,0.12754577,0.291445083,-0.31577483,1.30E-15
N,-15.25605277,1.611426422,-3.717342734,-5.783156776,1.830305684,-3.721601266,1.484102896,5.539721505,0.898930203,4.219723379,1.963533901,-2.483516753,-3.912942123,-5.378790008,-4.074480484,1.302881588,-0.080216018,-2.017247629,1.521304244,1.30E-15
D,-18.59715641,-2.203166981,-0.258720798,-2.373766168,-6.693548143,-5.01073945,9.375678419,-0.728694718,-2.157586573,-1.311871062,1.520678417,-1.467480731,-4.151432731,5.872586983,1.833165928,-0.301281533,1.951152099,-0.162044945,0.097993145,1.30E-15
C,8.586600084,8.518896733,-6.79163756,-14.23382242,-8.818605311,10.0537139,-1.302081302,-4.758004375,-1.009482227,4.476778933,2.404536792,-0.352367997,1.213638783,0.013600246,0.714718581,0.501364605,0.049906027,-0.305133788,-0.59901009,1.30E-15
Q,-8.126873529,-8.922590086,-0.612526461,-0.020994551,-0.954430694,2.632306222,-1.1753071,0.518121605,0.733239476,0.045539132,-6.165661768,-3.994435116,2.506524549,-2.831723619,1.74284707,-3.143265868,6.337890334,0.328634467,0.157784534,1.30E-15
E,-12.34415985,-13.64676283,8.495053372,2.253447154,-8.7034664,-2.072518278,4.700683006,-2.755023807,-2.671902054,-0.135719116,-0.245716069,2.466385113,4.288871145,-4.518737372,-0.24602002,-0.593490697,-4.186682488,0.706349155,-0.212300942,1.30E-15
G,-15.22470692,19.74124864,6.088553915,-5.814613308,5.969994991,-9.016982487,-5.888235809,-4.851330611,-4.312527829,-1.605582707,-1.410208976,0.628451095,0.67890362,-0.717378136,1.44293117,-1.671816591,-0.457820415,-0.120291994,-0.147898317,1.30E-15
H,-0.705928913,-6.3401009,-6.982301872,-4.050013955,-1.367604463,-0.52541689,-4.860911931,8.974462225,-3.205169054,-1.616923272,2.041463671,7.991035427,1.02446321,1.411497251,0.442402046,-2.165718135,1.125528424,0.045275044,-0.517877326,1.30E-15
I,20.86926845,4.251497244,3.964321659,3.493502363,2.862405256,1.498775588,4.176640175,0.599039537,-3.502053517,1.894219017,-3.201903116,1.17857346,-4.771754664,-1.689677218,-1.498733856,-0.866860364,0.201239606,1.090057057,-5.047009506,1.30E-15
L,18.09439811,-0.361550634,12.1468072,5.51505277,1.189669704,-2.023642133,-0.877354611,0.544340411,2.175254881,4.156931738,7.251057875,-2.642378818,1.492583456,1.316209031,0.272446373,-5.253311517,0.284181611,-1.175914396,0.486443489,1.30E-15
K,-12.01070639,-13.99935741,2.191714023,2.068426583,6.546445907,0.833362004,-4.492320001,-1.692462298,1.462434385,8.824379689,-2.989864666,1.674374736,-1.811286043,3.012206187,2.858902063,2.3234637,-1.817146937,-0.031466584,0.100777552,1.30E-15
M,16.00171851,-5.895239819,1.083996381,-1.873244303,-6.825183383,-1.251656111,-7.056161714,2.877673021,-1.95701976,-3.684279605,-4.164030195,-5.991686572,-2.091533861,2.536980346,-1.594202599,-0.194597639,-3.86772165,-0.004280678,0.913030537,1.30E-15
F,19.07881497,0.946316352,-3.403614118,2.587256417,0.462982197,-4.197825068,0.409694665,2.47386404,-1.111792515,-1.508932395,3.277312073,-2.096838402,0.302059139,-3.271229468,6.62374799,4.881505987,0.592136947,1.405479582,0.395246446,1.30E-15
P,-16.6383394,15.4833167,-8.949820692,19.26530857,-6.632725604,4.680974689,-3.13495687,0.160980192,-0.686687306,0.752964902,0.405602178,0.169416292,-0.449496932,0.053386528,-0.51868775,0.249330375,-0.181574417,-0.160051585,0.372873183,1.30E-15
S,-12.16065567,7.063452756,3.044344021,-3.723294425,2.961171662,2.384190925,1.373068922,3.402931737,6.426453177,-0.921218427,0.758622759,-1.180098816,1.396404096,1.162493467,-1.194193756,-0.195019192,-1.350241238,6.259433982,-0.337414428,1.30E-15
T,-4.647988342,5.259728664,1.473366115,-1.814378284,3.48150212,5.379829651,3.451885109,2.257794857,6.696409956,-4.869387004,-2.092876043,0.667453187,0.19773562,-0.261006757,3.340311724,-0.88371989,-2.902234948,-4.446398784,-1.198665608,1.30E-15
W,16.72107304,-4.00921496,-14.15086272,0.865164439,-2.393245456,-8.250787361,-0.514902568,-6.587898462,7.42062984,-1.154448187,-1.04199925,3.633876465,-1.995077598,-0.835541004,-1.408163753,-1.331241658,0.425340015,0.477942478,0.708683619,1.30E-15
Y,7.69407842,1.344077879,-12.3916869,1.191223872,7.073750664,-3.314976765,4.988800354,0.706028792,-2.518507682,1.520848482,-1.465809264,-2.238340309,7.64028442,3.158289169,-2.922755312,1.626395604,-0.497525526,-1.191402192,-0.63850518,1.30E-15
V,16.43044125,5.635746101,7.535870177,0.731097119,4.136449691,5.753122368,4.857734626,-0.458160868,-2.750827643,-0.648179919,-3.059046987,3.766705573,-1.128338277,0.248268884,-0.789504,0.181682345,0.543131408,0.474912701,5.4674592,1.30E-15